,NAICS_CODE_DESCRIP,2000,2001,2002,2003,2004,2005,2006,2007,2008,2009,2010,2011,2012,2013,2014,2015,2016,2017,2018,2019,SUM
NAICS_CODE_DESCRIP,Motion Picture Theaters (except Drive-Ins),5,88,,,,,,,,,,,,,,,,,,,93
NAICS_CODE_DESCRIP,Wired Telecommunications Carriers,10,13,13,6,6,2,2,2,3,7,,1,1,2,,,1,,,2,64
NAICS_CODE_DESCRIP,Unassigned,2,9,9,2,7,6,3,2,7,,2,1,1,,1,,,,,,49
NAICS_CODE_DESCRIP,Crude Petroleum and Natural Gas Extraction,3,2,3,3,2,,1,3,10,17,4,3,3,4,1,12,37,4,10,11,48
NAICS_CODE_DESCRIP,Cellular and Other Wireless Telecommunications,2,8,14,4,3,3,2,1,1,7,2,,1,1,1,,,1,,,47
NAICS_CODE_DESCRIP,Pharmaceutical Preparation Manufacturing,1,2,4,5,1,4,4,3,7,7,6,3,3,3,3,,3,2,3,6,44
NAICS_CODE_DESCRIP,Software Publishers,1,5,8,10,4,2,,5,3,4,1,,1,1,,1,4,1,,,43
NAICS_CODE_DESCRIP,All Other Motor Vehicle Parts Manufacturing,1,3,2,4,1,1,2,,1,19,,,,,,,,,,,34
NAICS_CODE_DESCRIP,Custom Computer Programming Services,3,9,7,4,,,2,2,3,2,1,3,1,,1,1,1,1,,,33
NAICS_CODE_DESCRIP,Fitness and Recreational Sports Centers,,,,,,,,24,9,,,,,,,,,,,,33
NAICS_CODE_DESCRIP,Commercial Banking,,,,1,,,,1,1,15,11,2,2,2,2,,,,,,29
NAICS_CODE_DESCRIP,Offices of Other Holding Companies,2,9,4,1,2,,,,4,4,2,3,,,2,,,,2,,28
NAICS_CODE_DESCRIP,"Data Processing, Hosting, and Related Services",2,6,12,2,1,1,,1,1,1,,1,,1,,,,1,1,,27
NAICS_CODE_DESCRIP,Full-Service Restaurants,,4,3,2,4,2,,2,2,5,1,4,,1,,,,1,,2,25
NAICS_CODE_DESCRIP,Internet Service Providers,,18,4,2,,1,,,,,,,1,,,,,,,,25
NAICS_CODE_DESCRIP,Radio and Television Broadcasting and Wireless Communications Equipment Manufacturing,,3,5,7,,1,1,,3,3,,,,1,,,,,,,23
NAICS_CODE_DESCRIP,Casino Hotels,1,1,,,5,,1,,4,5,4,,,1,,1,,,,,21
NAICS_CODE_DESCRIP,Real Estate Investment Trusts,,,1,1,,1,,4,4,5,4,1,,,1,,1,2,,3,20
NAICS_CODE_DESCRIP,Computer Systems Design Services,,3,4,4,1,,3,2,1,1,1,1,1,1,,,,,,,20
NAICS_CODE_DESCRIP,Semiconductor and Related Device Manufacturing,1,4,2,2,1,,1,1,3,4,,1,3,4,3,,1,1,,,19
NAICS_CODE_DESCRIP,"Research and Development in the Physical, Engineering, and Life Sciences",1,1,2,3,2,,,,2,6,1,3,4,1,2,1,,,2,3,18
NAICS_CODE_DESCRIP,Biological Product (except Diagnostic) Manufacturing,,,4,1,1,,2,,6,3,1,1,2,,,,,,1,,18
NAICS_CODE_DESCRIP,Consumer Lending,,2,2,2,,,,3,,8,1,,,,,,,1,,1,18
NAICS_CODE_DESCRIP,Support Activities for Oil and Gas Operations,1,,2,3,1,1,,1,3,3,1,2,1,1,,1,6,4,,1,16
NAICS_CODE_DESCRIP,Electronic Shopping,2,11,1,1,,,,,1,,,1,2,,1,,,1,1,2,16
NAICS_CODE_DESCRIP,Cable and Other Subscription Programming,1,2,7,2,,,,1,,3,,,1,,,,,,,,16
NAICS_CODE_DESCRIP,Administrative Management and General Management Consulting Services,1,5,1,2,1,1,,,1,3,,1,1,,2,,,,,,15
NAICS_CODE_DESCRIP,Scheduled Passenger Air Transportation,,2,3,1,2,4,,,1,,1,3,2,,,,1,,,,14
NAICS_CODE_DESCRIP,Other Computer Peripheral Equipment Manufacturing,,2,1,2,2,,1,1,3,2,,,,,,,,2,1,,14
NAICS_CODE_DESCRIP,Internet Publishing and Broadcasting,1,1,4,1,,,1,1,2,1,1,,1,2,,,,,,,13
NAICS_CODE_DESCRIP,Iron and Steel Mills,1,3,3,3,,,,,2,1,,,,,,,,,,,13
NAICS_CODE_DESCRIP,Surgical and Medical Instrument Manufacturing,1,2,2,1,,1,1,,1,2,1,,2,1,,1,,2,,1,12
NAICS_CODE_DESCRIP,Telephone Apparatus Manufacturing,,1,1,3,1,1,1,1,,2,,2,,1,,,,,,,11
NAICS_CODE_DESCRIP,Periodical Publishers,,1,,3,,,,,3,2,2,,,1,,,,,,,11
NAICS_CODE_DESCRIP,All Other Plastics Product Manufacturing,2,,1,2,1,1,1,,3,,,1,,,,,,,,,11
NAICS_CODE_DESCRIP,All Other Nondepository Credit Intermediation,1,2,2,5,1,,,,,,,,1,,,,,,,,11
NAICS_CODE_DESCRIP,Savings Institutions,1,,1,,,,,,4,3,1,,3,1,,,,,,,10
NAICS_CODE_DESCRIP,"Corporate, Subsidiary, and Regional Managing Offices",2,3,2,,,,2,,,1,,,,,,1,,,,,10
NAICS_CODE_DESCRIP,Supermarkets and Other Grocery (except Convenience) Stores,4,1,1,2,,1,,,,,1,,,,,,1,,,,10
NAICS_CODE_DESCRIP,Broadwoven Fabric Mills,1,2,2,1,,,1,1,1,,1,,,,,,,,,,10
NAICS_CODE_DESCRIP,Diagnostic Imaging Centers,1,,1,1,,,,1,,1,5,,,,,,,,,,10
NAICS_CODE_DESCRIP,Ethyl Alcohol Manufacturing,,,,,,,,2,3,4,,1,,1,,,,,,,9
NAICS_CODE_DESCRIP,Other Electronic Component Manufacturing,,,1,2,1,3,,,1,1,,1,1,,,,,,,,9
NAICS_CODE_DESCRIP,Limited-Service Restaurants,1,1,1,1,2,,,,1,,1,,3,,,,1,,,,8
NAICS_CODE_DESCRIP,Other Financial Vehicles,1,,2,,1,,1,1,1,1,,,3,,,,,,,,8
NAICS_CODE_DESCRIP,Newspaper Publishers,,,,,,,,,1,5,2,2,,,,,,,,,8
NAICS_CODE_DESCRIP,All Other Miscellaneous Chemical Product and Preparation Manufacturing,,2,1,1,,,,1,,3,,,,,,,,,,1,8
NAICS_CODE_DESCRIP,Business to Business Electronic Markets,1,2,2,1,,,,,1,,1,1,,,,,,,,,8
NAICS_CODE_DESCRIP,Marketing Consulting Services,1,3,1,2,,,,,,,1,,,,,,1,,,,8
NAICS_CODE_DESCRIP,Nursing Care Facilities,3,2,1,1,,,,,,,1,,,,,,,,,,8
NAICS_CODE_DESCRIP,Hotels (except Casino Hotels) and Motels,,2,,1,,1,,,,2,2,,,,,,,,,,8
NAICS_CODE_DESCRIP,Motor Vehicle Transmission and Power Train Parts Manufacturing,1,,1,,,4,1,,,1,,,,,,,,,,,8
NAICS_CODE_DESCRIP,Television Broadcasting,,,2,,2,,1,,,2,1,,,,,,,,,,8
NAICS_CODE_DESCRIP,Other Electric Power Generation,,,2,2,,,,,,1,2,4,,1,,,,1,,1,7
NAICS_CODE_DESCRIP,Motion Picture and Video Production,,2,1,2,,1,,,,,1,2,,1,,,1,,,1,7
NAICS_CODE_DESCRIP,Medicinal and Botanical Manufacturing,,1,1,2,,1,,,,2,,1,1,2,,1,,,,,7
NAICS_CODE_DESCRIP,Women's Clothing Stores,2,,,,2,,1,,,,2,1,1,,1,1,,,,1,7
NAICS_CODE_DESCRIP,Plastics Material and Resin Manufacturing,,1,2,,,,,1,1,1,1,,,,2,,,,,1,7
NAICS_CODE_DESCRIP,Securities Brokerage,,,2,,1,1,1,,1,1,,,,1,,,1,,,,7
NAICS_CODE_DESCRIP,Telecommunications Resellers,,3,2,1,,,,,,1,,,,,1,,,,,1,7
NAICS_CODE_DESCRIP,Direct Property and Casualty Insurance Carriers,,,1,2,,1,2,,,,1,,,1,,1,,,,,7
NAICS_CODE_DESCRIP,"Radio, Television, and Other Electronics Stores",,1,,,,1,,2,3,,,,,,,1,,,,,7
NAICS_CODE_DESCRIP,Land Subdivision,,1,1,,,1,1,,1,2,,,,,,,,1,,,7
NAICS_CODE_DESCRIP,Pharmacies and Drug Stores,1,3,1,,,,,,,1,1,,,,,1,,,,,7
NAICS_CODE_DESCRIP,Home Health Care Services,2,1,4,,,,,,,,,,,1,,,,,,,7
NAICS_CODE_DESCRIP,In-Vitro Diagnostic Substance Manufacturing,,1,1,1,,,1,,,2,1,,,,,1,,,,,7
NAICS_CODE_DESCRIP,Video Tape and Disc Rental,2,1,,,1,,,2,,,1,,,,,,,,,,7
NAICS_CODE_DESCRIP,Jewelry Stores,,,,2,,1,,,2,2,,,,,,,,,,,7
NAICS_CODE_DESCRIP,Electronic Computer Manufacturing,,,2,1,,1,1,,,2,,,,,,,,,,,7
NAICS_CODE_DESCRIP,Other Communications Equipment Manufacturing,,,,,1,1,1,,1,1,1,1,1,1,1,,,,,,6
NAICS_CODE_DESCRIP,"General Freight Trucking, Long-Distance, Truckload",,2,1,1,,1,,,1,,,1,,,,,,,,1,6
NAICS_CODE_DESCRIP,Support Activities for Metal Mining,,1,1,,1,,,,1,2,,1,,,,1,,,,,6
NAICS_CODE_DESCRIP,Mortgage and Nonmortgage Loan Brokers,,1,,,2,,,,1,1,1,,1,,,,,,1,,6
NAICS_CODE_DESCRIP,"Motorcycle, Bicycle, and Parts Manufacturing",,2,1,1,1,,,,1,,,,,,,,,1,,,6
NAICS_CODE_DESCRIP,Paperboard Mills,,,,,1,,,,1,4,,,,,,,,,,,6
NAICS_CODE_DESCRIP,Computer and Computer Peripheral Equipment and Software Merchant Wholesalers,,,2,1,2,,,,1,,,,,,,,,,,,6
NAICS_CODE_DESCRIP,Other Commercial and Industrial Machinery and Equipment Rental and Leasing,,4,,1,,,,,,,1,,,,,,,,,,6
NAICS_CODE_DESCRIP,Book Publishers,,3,1,,,,1,,,1,,,,,,,,,,,6
NAICS_CODE_DESCRIP,Electrical Contractors,,3,1,1,,,1,,,,,,,,,,,,,,6
NAICS_CODE_DESCRIP,Temporary Help Services,,2,,1,,,1,,,1,1,,,,,,,,,,6
NAICS_CODE_DESCRIP,Satellite Telecommunications,1,1,1,1,,,,,,1,1,,,,,,,,,,6
NAICS_CODE_DESCRIP,Bare Printed Circuit Board Manufacturing,,1,3,2,,,,,,,,,,,,,,,,,6
NAICS_CODE_DESCRIP,Surgical Appliance and Supplies Manufacturing,1,,1,,,,,2,,,1,1,1,,1,,1,,,1,5
NAICS_CODE_DESCRIP,Electric Power Distribution,,,,4,,1,,,,,,,1,,1,,,1,1,,5
NAICS_CODE_DESCRIP,Family Clothing Stores,1,,,,1,,,,2,1,,,,,,1,1,,,,5
NAICS_CODE_DESCRIP,"Financial Transactions Processing, Reserve, and Clearinghouse Activities",,1,,,,3,,,,,1,,,1,,,,,,1,5
NAICS_CODE_DESCRIP,Computer Storage Device Manufacturing,,,1,,1,,1,1,1,,,,,,,,1,,,,5
NAICS_CODE_DESCRIP,Sporting and Athletic Goods Manufacturing,1,,1,,,1,,1,,1,,,,,,,1,,,,5
NAICS_CODE_DESCRIP,Petroleum and Petroleum Products Merchant Wholesalers (except Bulk Stations and Terminals),,3,1,,,,,,1,,,,,,,,,1,,,5
NAICS_CODE_DESCRIP,Casinos (except Casino Hotels),1,1,1,,2,,,,,,,1,,,,,,,,,5
NAICS_CODE_DESCRIP,Cable and Other Program Distribution,,,2,1,1,,,,,1,,,,1,,,,,,,5
NAICS_CODE_DESCRIP,Water Supply and Irrigation Systems,,,,3,,1,,,,1,,,1,,,,,,,,5
NAICS_CODE_DESCRIP,Bituminous Coal Underground Mining,,,5,,,,,,,,,,,,,1,,,,,5
NAICS_CODE_DESCRIP,Air-Conditioning and Warm Air Heating Equipment and Commercial and Industrial Refrigeration Equipment Man,1,,,,,,,1,2,1,,,,,,,,,,,5
NAICS_CODE_DESCRIP,All Other Home Furnishings Stores,,3,,,,,,1,1,,,,,,,,,,,,5
NAICS_CODE_DESCRIP,Industrial Machinery and Equipment Merchant Wholesalers,,3,1,,1,,,,,,,,,,,,,,,,5
NAICS_CODE_DESCRIP,"Specialized Freight (except Used Goods) Trucking, Long-Distance",1,1,,1,,1,,,,1,,,,,,,,,,,5
NAICS_CODE_DESCRIP,Hazardous Waste Treatment and Disposal,1,1,2,1,,,,,,,,,,,,,,,,,5
NAICS_CODE_DESCRIP,Mail-Order Houses,,1,,2,1,,,,,,1,,,,,,,,,,5
NAICS_CODE_DESCRIP,Urethane and Other Foam Product (except Polystyrene) Manufacturing,,,,,,3,,,,2,,,,,,,,,,,5
NAICS_CODE_DESCRIP,Drilling Oil and Gas Wells,,,1,,,,1,1,,1,,,1,10,,3,3,1,1,,4
NAICS_CODE_DESCRIP,Gold Ore Mining,,,1,1,,,1,,,,1,,,1,2,3,,1,,,4
NAICS_CODE_DESCRIP,Bituminous Coal and Lignite Surface Mining,,,3,,,,,1,,,,,2,1,,,2,,1,,4
NAICS_CODE_DESCRIP,Electromedical and Electrotherapeutic Apparatus Manufacturing,1,1,1,,,,1,,,,,,,,,1,2,,,,4
NAICS_CODE_DESCRIP,Radio Stations,,,1,1,,,,,,1,1,,,,,,,1,2,,4
NAICS_CODE_DESCRIP,Real Estate Credit,,,,,,,,1,2,,1,,,,,1,,1,,,4
NAICS_CODE_DESCRIP,Security Systems Services (except Locksmiths),,1,,,,1,,1,1,,,1,,,,,,,,1,4
NAICS_CODE_DESCRIP,Analytical Laboratory Instrument Manufacturing,,1,,,,,,1,,2,,2,,,,,,,,,4
NAICS_CODE_DESCRIP,Power and Communication Line and Related Structures Construction,,1,3,,,,,,,,,1,,,,,1,,,,4
NAICS_CODE_DESCRIP,Petroleum Refineries,,,,,1,,,,2,1,,1,,,,,,,,,4
NAICS_CODE_DESCRIP,Toilet Preparation Manufacturing,1,2,,,,,,,1,,,,,,,,1,,,,4
NAICS_CODE_DESCRIP,Shoe Stores,,2,,,1,,,,1,,,,1,,,,,,,,4
NAICS_CODE_DESCRIP,Other Gambling Industries,,1,,1,,,,,1,1,,,1,,,,,,,,4
NAICS_CODE_DESCRIP,Other Commercial Printing,,,,,,1,,,1,,2,,,1,,,,,,,4
NAICS_CODE_DESCRIP,Other Grocery and Related Products Merchant Wholesalers,,2,,,,,,,,2,,,,,,,,,,1,4
NAICS_CODE_DESCRIP,Furniture Stores,2,,1,,,,,,,,1,1,,,,,,,,,4
NAICS_CODE_DESCRIP,Drugs and Druggists' Sundries Merchant Wholesalers,1,,,1,1,1,,,,,,,,,,,,,1,,4
NAICS_CODE_DESCRIP,All Other Basic Inorganic Chemical Manufacturing,,,,1,1,,,,,1,1,1,,,,,,,,,4
NAICS_CODE_DESCRIP,Motor and Generator Manufacturing,,1,,,,1,,1,,1,,,,,,,,,,,4
NAICS_CODE_DESCRIP,Software Reproducing,1,,,1,,,,1,,,1,,,,,,,,,,4
NAICS_CODE_DESCRIP,Office Administrative Services,,,1,2,,,,1,,,,,,,,,,,,,4
NAICS_CODE_DESCRIP,Prefabricated Wood Building Manufacturing,,1,,,,,,,2,,1,,,,,,,,,,4
NAICS_CODE_DESCRIP,Collection Agencies,1,,,1,,,,,2,,,,,,,,,,,,4
NAICS_CODE_DESCRIP,Office Machinery and Equipment Rental and Leasing,1,3,,,,,,,,,,,,,,,,,,,4
NAICS_CODE_DESCRIP,Offices of Physicians (except Mental Health Specialists),,2,2,,,,,,,,,,,,,,,,,,4
NAICS_CODE_DESCRIP,Iron and Steel Pipe and Tube Manufacturing from Purchased Steel,,1,,,,,,,,3,,,,,,,,,,,4
NAICS_CODE_DESCRIP,All Other Industrial Machinery Manufacturing,,1,1,,,,,,,2,,,,,,,,,,,4
NAICS_CODE_DESCRIP,All Other Outpatient Care Centers,,1,,,,,2,,,1,,,,,,,,,,,4
NAICS_CODE_DESCRIP,Motor Vehicle Brake System Manufacturing,,1,,,,1,1,,,1,,,,,,,,,,,4
NAICS_CODE_DESCRIP,All Other Miscellaneous Fabricated Metal Product Manufacturing,,1,,1,1,1,,,,,,,,,,,,,,,4
NAICS_CODE_DESCRIP,Rolled Steel Shape Manufacturing,,1,1,2,,,,,,,,,,,,,,,,,4
NAICS_CODE_DESCRIP,Other Miscellaneous Durable Goods Merchant Wholesalers,2,,,,,1,,,,,1,,,,,,,,,,4
NAICS_CODE_DESCRIP,"Plastics, Foil, and Coated Paper Bag Manufacturing",,,,,,,1,,,3,,,,,,,,,,,4
NAICS_CODE_DESCRIP,Iron Foundries,,,,2,1,,,,,,1,,,,,,,,,,4
NAICS_CODE_DESCRIP,Paper (except Newsprint) Mills,2,1,,,,,,,,,,1,,,,,3,,,,3
NAICS_CODE_DESCRIP,All Other General Merchandise Stores,,1,,,1,,,1,,,,,,,1,,,1,,1,3
NAICS_CODE_DESCRIP,All Other Basic Organic Chemical Manufacturing,,,,1,,,,,,2,,,,,1,,,,2,,3
NAICS_CODE_DESCRIP,Lessors of Nonfinancial Intangible Assets (except Copyrighted Works),,,,,1,,,2,,,,,,,,1,1,,,,3
NAICS_CODE_DESCRIP,Nonfolding Sanitary Food Container Manufacturing,,,,,,,,1,2,,,2,,,,,,,,,3
NAICS_CODE_DESCRIP,"Search, Detection, Navigation, Guidance, Aeronautical, and Nautical System and Instrument Manufacturing",,1,,,,,,,,1,1,1,,1,,,,,,,3
NAICS_CODE_DESCRIP,Directory and Mailing List Publishers,,,,,,,,,,3,,,,2,,,,,,,3
NAICS_CODE_DESCRIP,Natural Gas Distribution,,,,1,,,,,,1,1,,,,,1,,,,1,3
NAICS_CODE_DESCRIP,Irradiation Apparatus Manufacturing,,,,1,1,,1,,,,,,1,,1,,,,,,3
NAICS_CODE_DESCRIP,Polish and Other Sanitation Good Manufacturing,,,,,,,,,,,3,,1,,,,,1,,,3
NAICS_CODE_DESCRIP,"Hobby, Toy, and Game Stores",,2,,,,,,1,,,,,,,,,,1,,,3
NAICS_CODE_DESCRIP,Engineering Services,1,1,,,,,,1,,,,,,,,,1,,,,3
NAICS_CODE_DESCRIP,Petroleum Bulk Stations and Terminals,,,,1,,1,,,1,,,,1,,,,,,,,3
NAICS_CODE_DESCRIP,Travel Agencies,,,1,,,,1,,1,,,1,,,,,,,,,3
NAICS_CODE_DESCRIP,Storage Battery Manufacturing,1,1,,,,,,,,1,,,1,,,,,,,,3
NAICS_CODE_DESCRIP,Mattress Manufacturing,,1,,,,,,,,2,,,,,,,,,,1,3
NAICS_CODE_DESCRIP,Commercial and Institutional Building Construction,,1,1,1,,,,,,,,,,,,1,,,,,3
NAICS_CODE_DESCRIP,Remediation Services,1,,,,1,,,,,1,,,,1,,,,,,,3
NAICS_CODE_DESCRIP,Discount Department Stores,1,,1,1,,,,,,,,,,,,,,,1,,3
NAICS_CODE_DESCRIP,Fabricated Structural Metal Manufacturing,1,,,1,,1,,,,,,,,,,1,,,,,3
NAICS_CODE_DESCRIP,Metal Service Centers and Other Metal Merchant Wholesalers,,,1,1,,,,,,,1,,,,,,,1,,,3
NAICS_CODE_DESCRIP,Motion Picture and Video Distribution,,1,,1,,,,1,,,,,,,,,,,,,3
NAICS_CODE_DESCRIP,"Game, Toy, and Children's Vehicle Manufacturing",1,,,,,,,1,,1,,,,,,,,,,,3
NAICS_CODE_DESCRIP,New Single-Family Housing Construction (except Operative Builders),,,,,,,,,3,,,,,,,,,,,,3
NAICS_CODE_DESCRIP,Boat Building,,1,,,,,,,1,1,,,,,,,,,,,3
NAICS_CODE_DESCRIP,Men's Clothing Stores,,,,1,,,,,1,1,,,,,,,,,,,3
NAICS_CODE_DESCRIP,Radio Networks,,,,1,,,,,1,1,,,,,,,,,,,3
NAICS_CODE_DESCRIP,All Other Insurance Related Activities,,,1,,,1,,,1,,,,,,,,,,,,3
NAICS_CODE_DESCRIP,Confectionery Merchant Wholesalers,,,,,,,2,,1,,,,,,,,,,,,3
NAICS_CODE_DESCRIP,Commercial Lithographic Printing,1,2,,,,,,,,,,,,,,,,,,,3
NAICS_CODE_DESCRIP,Alkalies and Chlorine Manufacturing,,2,,1,,,,,,,,,,,,,,,,,3
NAICS_CODE_DESCRIP,All Other Amusement and Recreation Industries,,2,,,,,,,,,1,,,,,,,,,,3
NAICS_CODE_DESCRIP,Photographic and Photocopying Equipment Manufacturing,,2,,,1,,,,,,,,,,,,,,,,3
NAICS_CODE_DESCRIP,Direct Health and Medical Insurance Carriers,1,1,1,,,,,,,,,,,,,,,,,,3
NAICS_CODE_DESCRIP,"General Freight Trucking, Long-Distance, Less Than Truckload",1,1,1,,,,,,,,,,,,,,,,,,3
NAICS_CODE_DESCRIP,Passenger Car Rental,1,1,1,,,,,,,,,,,,,,,,,,3
NAICS_CODE_DESCRIP,Motor Vehicle Supplies and New Parts Merchant Wholesalers,,1,,,,,,,,2,,,,,,,,,,,3
NAICS_CODE_DESCRIP,Electronic Connector Manufacturing,,1,,1,,,,,,1,,,,,,,,,,,3
NAICS_CODE_DESCRIP,Ophthalmic Goods Manufacturing,,1,,,2,,,,,,,,,,,,,,,,3
NAICS_CODE_DESCRIP,"Prerecorded Tape, Compact Disc, and Record Stores",,1,,1,,,1,,,,,,,,,,,,,,3
NAICS_CODE_DESCRIP,Other Support Activities for Air Transportation,1,,,,1,,,,,1,,,,,,,,,,,3
NAICS_CODE_DESCRIP,Recyclable Material Merchant Wholesalers,1,,,,1,,,,,1,,,,,,,,,,,3
NAICS_CODE_DESCRIP,Semiconductor Machinery Manufacturing,1,,1,,,,,,,1,,,,,,,,,,,3
NAICS_CODE_DESCRIP,Other Household Textile Product Mills,1,,,1,1,,,,,,,,,,,,,,,,3
NAICS_CODE_DESCRIP,Other Sound Recording Industries,,,,,,,,,,3,,,,,,,,,,,3
NAICS_CODE_DESCRIP,Newsprint Mills,,,,,,,,,,2,1,,,,,,,,,,3
NAICS_CODE_DESCRIP,"Paint, Varnish, and Supplies Merchant Wholesalers",,,,,,,1,,,2,,,,,,,,,,,3
NAICS_CODE_DESCRIP,Manufactured Home (Mobile Home) Manufacturing,,,1,1,,,,,,1,,,,,,,,,,,3
NAICS_CODE_DESCRIP,Motor Vehicle Metal Stamping,,,1,,,1,,,,1,,,,,,,,,,,3
NAICS_CODE_DESCRIP,Printing Machinery and Equipment Manufacturing,,,1,,1,,,,,1,,,,,,,,,,,3
NAICS_CODE_DESCRIP,Racetracks,,,,,2,,,,,1,,,,,,,,,,,3
NAICS_CODE_DESCRIP,All Other Rubber Product Manufacturing,,,,,,,,,,,3,,,,,,,,,,3
NAICS_CODE_DESCRIP,Farm Supplies Merchant Wholesalers,,,2,,,,1,,,,,,,,,,,,,,3
NAICS_CODE_DESCRIP,Hardware Merchant Wholesalers,,,2,,1,,,,,,,,,,,,,,,,3
NAICS_CODE_DESCRIP,Other Commercial and Service Industry Machinery Manufacturing,,,,1,1,,,,,,1,,,,,,,,,,3
NAICS_CODE_DESCRIP,Professional Employer Organizations,,,,1,,,1,,,,1,,,,,,,,,,3
NAICS_CODE_DESCRIP,Deep Sea Freight Transportation,,,,1,,,,,1,,,2,2,,2,,1,,,,2
NAICS_CODE_DESCRIP,"Medical, Dental, and Hospital Equipment and Supplies Merchant Wholesalers",,,,,,,,,1,,1,,1,,,,1,,2,,2
NAICS_CODE_DESCRIP,Fossil Fuel Electric Power Generation,,,,1,,1,,,,,,1,1,,,,2,,,,2
NAICS_CODE_DESCRIP,Hydroelectric Power Generation,,1,,,,1,,,,,,,,,,,,1,,1,2
NAICS_CODE_DESCRIP,Other Support Activities for Water Transportation,,1,,,1,,,,,,,,,,,,1,1,,,2
NAICS_CODE_DESCRIP,Primary Battery Manufacturing,,,1,,,,,,,1,,,,1,1,,,,,,2
NAICS_CODE_DESCRIP,Scheduled Freight Air Transportation,1,,,,,,,1,,,,,,,,,1,,,,2
NAICS_CODE_DESCRIP,Gasoline Engine and Engine Parts Manufacturing,,,1,,,,,1,,,,,,,,,1,,,,2
NAICS_CODE_DESCRIP,Freestanding Ambulatory Surgical and Emergency Centers,,1,,,,,,,1,,,,,,,,,1,,,2
NAICS_CODE_DESCRIP,Motor Vehicle Body Manufacturing,1,,,,,,,,1,,,,,1,,,,,,,2
NAICS_CODE_DESCRIP,Soft Drink Manufacturing,1,,,,,,,,1,,,1,,,,,,,,,2
NAICS_CODE_DESCRIP,Advertising Agencies,,,1,,,,,,1,,,,,1,,,,,,,2
NAICS_CODE_DESCRIP,All Other Miscellaneous Store Retailers (except Tobacco Stores),,,,,,,1,,1,,,,,,,,,,1,,2
NAICS_CODE_DESCRIP,All Other Specialty Food Stores,,,,,,,,,1,,1,1,,,,,,,,,2
NAICS_CODE_DESCRIP,Web Search Portals,,2,,,,,,,,,,,,,,1,,,,,2
NAICS_CODE_DESCRIP,Upholstered Household Furniture Manufacturing,1,1,,,,,,,,,,1,,,,,,,,,2
NAICS_CODE_DESCRIP,Other Measuring and Controlling Device Manufacturing,,1,,,,,,,,1,,,1,,,,,,,,2
NAICS_CODE_DESCRIP,Magnetic and Optical Recording Media Manufacturing,,1,,1,,,,,,,,,,,,1,,,,,2
NAICS_CODE_DESCRIP,Metal Window and Door Manufacturing,1,,,,,,,,,,1,1,,,,,,,,,2
NAICS_CODE_DESCRIP,Department Stores (except Discount Department Stores),,,1,,,,,,,1,,,,,,,,,1,,2
NAICS_CODE_DESCRIP,"Instruments and Related Products Manufacturing for Measuring, Displaying, and Controlling Industrial Proc",,,,,1,,,,,1,,,,1,,,,,,,2
NAICS_CODE_DESCRIP,Sporting Goods Stores,,,,,,,1,,,1,,,1,,,,,,,,2
NAICS_CODE_DESCRIP,Commercial Bakeries,,,,,1,1,,,,,,,,1,,,,,,,2
NAICS_CODE_DESCRIP,Display Advertising,,,,,,1,,,,,1,,,,,,,,,1,2
NAICS_CODE_DESCRIP,"Metal Coating, Engraving (except Jewelry and Silverware), and Allied Services to Manufacturers",,,,,,,1,,,,1,,,1,,,,,,,2
NAICS_CODE_DESCRIP,Other Telecommunications,,,1,,,1,,,,,,,,,,,,1,,,2
NAICS_CODE_DESCRIP,"Plumbing, Heating, and Air-Conditioning Contractors",,,,2,,,,,,,,,,,,,,1,,,2
NAICS_CODE_DESCRIP,Industrial Gas Manufacturing,,,,,,,,1,1,,,,,,,,,,,,2
NAICS_CODE_DESCRIP,Other Chemical and Allied Products Merchant Wholesalers,,1,,,,,,1,,,,,,,,,,,,,2
NAICS_CODE_DESCRIP,Iron and Steel Forging,,,,,,,,1,,1,,,,,,,,,,,2
NAICS_CODE_DESCRIP,Other Concrete Product Manufacturing,,,,,1,,,1,,,,,,,,,,,,,2
NAICS_CODE_DESCRIP,Other Miscellaneous Nondurable Goods Merchant Wholesalers,,,,,,1,,1,,,,,,,,,,,,,2
NAICS_CODE_DESCRIP,Sawmills,,,,1,,,,1,,,,,,,,,,,,,2
NAICS_CODE_DESCRIP,Unlaminated Plastics Profile Shape Manufacturing,,,1,,,,,1,,,,,,,,,,,,,2
NAICS_CODE_DESCRIP,Investment Banking and Securities Dealing,,,,,,,,,2,,,,,,,,,,,,2
NAICS_CODE_DESCRIP,Meat Processed from Carcasses,,,,,,,,,1,1,,,,,,,,,,,2
NAICS_CODE_DESCRIP,Cafeterias,,,,1,,,,,1,,,,,,,,,,,,2
NAICS_CODE_DESCRIP,Home Furnishing Merchant Wholesalers,,,,,,,1,,1,,,,,,,,,,,,2
NAICS_CODE_DESCRIP,Rubber Product Manufacturing for Mechanical Use,,,,,,1,,,1,,,,,,,,,,,,2
NAICS_CODE_DESCRIP,Unlaminated Plastics Film and Sheet (except Packaging) Manufacturing,,,,,1,,,,1,,,,,,,,,,,,2
NAICS_CODE_DESCRIP,Asphalt Shingle and Coating Materials Manufacturing,,2,,,,,,,,,,,,,,,,,,,2
NAICS_CODE_DESCRIP,Bowling Centers,,2,,,,,,,,,,,,,,,,,,,2
NAICS_CODE_DESCRIP,Continuing Care Retirement Communities,,2,,,,,,,,,,,,,,,,,,,2
NAICS_CODE_DESCRIP,Machine Tool (Metal Cutting Types) Manufacturing,,2,,,,,,,,,,,,,,,,,,,2
NAICS_CODE_DESCRIP,Offices of Lawyers,,2,,,,,,,,,,,,,,,,,,,2
NAICS_CODE_DESCRIP,Flooring Contractors,1,1,,,,,,,,,,,,,,,,,,,2
NAICS_CODE_DESCRIP,Hardware Stores,1,1,,,,,,,,,,,,,,,,,,,2
NAICS_CODE_DESCRIP,Other Construction Material Merchant Wholesalers,1,1,,,,,,,,,,,,,,,,,,,2
NAICS_CODE_DESCRIP,Paging,1,1,,,,,,,,,,,,,,,,,,,2
NAICS_CODE_DESCRIP,Automotive Parts and Accessories Stores,,1,,,,,,,,1,,,,,,,,,,,2
NAICS_CODE_DESCRIP,Coastal and Great Lakes Passenger Transportation,,1,,,,,1,,,,,,,,,,,,,,2
NAICS_CODE_DESCRIP,Computer Training,,1,,,,,1,,,,,,,,,,,,,,2
NAICS_CODE_DESCRIP,Dental Equipment and Supplies Manufacturing,,1,,,,,,,,,1,,,,,,,,,,2
NAICS_CODE_DESCRIP,"Electrical and Electronic Appliance, Television, and Radio Set Merchant Wholesalers",,1,,1,,,,,,,,,,,,,,,,,2
NAICS_CODE_DESCRIP,Gasoline Stations with Convenience Stores,,1,,1,,,,,,,,,,,,,,,,,2
NAICS_CODE_DESCRIP,General Rental Centers,,1,,,,,,,,,1,,,,,,,,,,2
NAICS_CODE_DESCRIP,"Industrial Truck, Tractor, Trailer, and Stacker Machinery Manufacturing",,1,1,,,,,,,,,,,,,,,,,,2
NAICS_CODE_DESCRIP,"Lumber, Plywood, Millwork, and Wood Panel Merchant Wholesalers",,1,,,,1,,,,,,,,,,,,,,,2
NAICS_CODE_DESCRIP,"Nursery, Garden Center, and Farm Supply Stores",,1,,,1,,,,,,,,,,,,,,,,2
NAICS_CODE_DESCRIP,Sales Financing,,1,,1,,,,,,,,,,,,,,,,,2
NAICS_CODE_DESCRIP,Textile Machinery Manufacturing,,1,1,,,,,,,,,,,,,,,,,,2
NAICS_CODE_DESCRIP,Computer and Office Machine Repair and Maintenance,2,,,,,,,,,,,,,,,,,,,,2
NAICS_CODE_DESCRIP,Automobile and Other Motor Vehicle Merchant Wholesalers,1,,,,,,,,,1,,,,,,,,,,,2
NAICS_CODE_DESCRIP,Nitrogenous Fertilizer Manufacturing,1,,,,,,,,,1,,,,,,,,,,,2
NAICS_CODE_DESCRIP,Wholesale Trade Agents and Brokers,1,,,,,,,,,1,,,,,,,,,,,2
NAICS_CODE_DESCRIP,All Other Miscellaneous Waste Management Services,1,,1,,,,,,,,,,,,,,,,,,2
NAICS_CODE_DESCRIP,Computer and Software Stores,1,,,,,1,,,,,,,,,,,,,,,2
NAICS_CODE_DESCRIP,Elementary and Secondary Schools,1,,,,,1,,,,,,,,,,,,,,,2
NAICS_CODE_DESCRIP,Flat Glass Manufacturing,1,,1,,,,,,,,,,,,,,,,,,2
NAICS_CODE_DESCRIP,Hardware Manufacturing,1,,,1,,,,,,,,,,,,,,,,,2
NAICS_CODE_DESCRIP,Other Farm Product Raw Material Merchant Wholesalers,1,,1,,,,,,,,,,,,,,,,,,2
NAICS_CODE_DESCRIP,Other Knit Fabric and Lace Mills,1,,1,,,,,,,,,,,,,,,,,,2
NAICS_CODE_DESCRIP,Resilient Floor Covering Manufacturing,1,,,1,,,,,,,,,,,,,,,,,2
NAICS_CODE_DESCRIP,Truck Trailer Manufacturing,1,,1,,,,,,,,,,,,,,,,,,2
NAICS_CODE_DESCRIP,Motor Home Manufacturing,,,,,,,,,,2,,,,,,,,,,,2
NAICS_CODE_DESCRIP,Secondary Smelting and Alloying of Aluminum,,,,,,,,,,2,,,,,,,,,,,2
NAICS_CODE_DESCRIP,All Other Transportation Equipment Manufacturing,,,,,1,,,,,1,,,,,,,,,,,2
NAICS_CODE_DESCRIP,"Automatic Environmental Control Manufacturing for Residential, Commercial, and Appliance Use",,,1,,,,,,,1,,,,,,,,,,,2
NAICS_CODE_DESCRIP,Coated and Laminated Packaging Paper and Plastics Film Manufacturing,,,,,,,1,,,1,,,,,,,,,,,2
NAICS_CODE_DESCRIP,Machine Shops,,,1,,,,,,,1,,,,,,,,,,,2
NAICS_CODE_DESCRIP,Other Motor Vehicle Electrical and Electronic Equipment Manufacturing,,,,,,1,,,,1,,,,,,,,,,,2
NAICS_CODE_DESCRIP,Other Nonhazardous Waste Treatment and Disposal,,,,,1,,,,,1,,,,,,,,,,,2
NAICS_CODE_DESCRIP,Travel Trailer and Camper Manufacturing,,,,,,1,,,,1,,,,,,,,,,,2
NAICS_CODE_DESCRIP,Copper Wire (except Mechanical) Drawing,,,,1,1,,,,,,,,,,,,,,,,2
NAICS_CODE_DESCRIP,Cutlery and Flatware (except Precious) Manufacturing,,,,,,,1,,,,1,,,,,,,,,,2
NAICS_CODE_DESCRIP,Drycleaning and Laundry Services (except Coin-Operated),,,,,,1,,,,,1,,,,,,,,,,2
NAICS_CODE_DESCRIP,Employment Placement Agencies,,,,,,1,,,,,1,,,,,,,,,,2
NAICS_CODE_DESCRIP,Lessors of Nonresidential Buildings (except Miniwarehouses),,,,1,,,,,,,1,,,,,,,,,,2
NAICS_CODE_DESCRIP,Lessors of Residential Buildings and Dwellings,,,,,2,,,,,,,,,,,,,,,,2
NAICS_CODE_DESCRIP,Men's and Boys' Clothing and Furnishings Merchant Wholesalers,,,,,2,,,,,,,,,,,,,,,,2
NAICS_CODE_DESCRIP,Nonupholstered Wood Household Furniture Manufacturing,,,,,1,1,,,,,,,,,,,,,,,2
NAICS_CODE_DESCRIP,Offices of Dentists,,,,1,,,1,,,,,,,,,,,,,,2
NAICS_CODE_DESCRIP,Optical Instrument and Lens Manufacturing,,,,1,,1,,,,,,,,,,,,,,,2
NAICS_CODE_DESCRIP,Other Crushed and Broken Stone Mining and Quarrying,,,1,,1,,,,,,,,,,,,,,,,2
NAICS_CODE_DESCRIP,Other Management Consulting Services,,,,1,,,1,,,,,,,,,,,,,,2
NAICS_CODE_DESCRIP,Primary Aluminum Production,,,2,,,,,,,,,,,,,,,,,,2
NAICS_CODE_DESCRIP,Transportation Equipment and Supplies (except Motor Vehicle) Merchant Wholesalers,,,2,,,,,,,,,,,,,,,,,,2
NAICS_CODE_DESCRIP,"Trusts, Estates, and Agency Accounts",,,,,1,,,,,,1,,,,,,,,,,2
NAICS_CODE_DESCRIP,Warm Air Heating and Air-Conditioning Equipment and Supplies Merchant Wholesalers,,,,,1,1,,,,,,,,,,,,,,,2
NAICS_CODE_DESCRIP,Aircraft Manufacturing,,,,,1,,,,,,,1,1,,,,1,,,,1
NAICS_CODE_DESCRIP,Commodity Contracts Brokerage,,1,,,,,,,,,,2,,,,,,,,,1
NAICS_CODE_DESCRIP,Audio and Video Equipment Manufacturing,,,,,,,,,,1,,1,1,,,,,,,,1
NAICS_CODE_DESCRIP,Offices of Bank Holding Companies,,,,,,,,,,1,,,1,,,,,1,,,1
NAICS_CODE_DESCRIP,"Book, Periodical, and Newspaper Merchant Wholesalers",,,,,,,1,,,,,2,,,,,,,,,1
NAICS_CODE_DESCRIP,"Construction, Mining, and Forestry Machinery and Equipment Rental and Leasing",,,,,1,,,,,,,1,,,,,,1,,,1
NAICS_CODE_DESCRIP,Direct Life Insurance Carriers,,,,,1,,,,,,,,,,,2,,,,,1
NAICS_CODE_DESCRIP,Other Scientific and Technical Consulting Services,,,,1,,,,,,,,1,,1,,,,,,,1
NAICS_CODE_DESCRIP,Pipeline Transportation of Natural Gas,,,1,,,,,,,,,,,1,,,,1,,,1
NAICS_CODE_DESCRIP,Bottled Water Manufacturing,,,,,,,,1,,,,,,1,,,,,,,1
NAICS_CODE_DESCRIP,Fluid Milk Manufacturing,,,,,,,,1,,,,1,,,,,,,,,1
NAICS_CODE_DESCRIP,"Sewing, Needlework, and Piece Goods Stores",,,,,,,,1,,,,,,,,,1,,,,1
NAICS_CODE_DESCRIP,Oil and Gas Pipeline and Related Structures Construction,,,,,,,,,1,,,,,,,1,,,,,1
NAICS_CODE_DESCRIP,Other Animal Food Manufacturing,,,,,,,,,1,,,,,1,,,,,,,1
NAICS_CODE_DESCRIP,Poultry Processing,,,,,,,,,1,,,1,,,,,,,,,1
NAICS_CODE_DESCRIP,Doll and Stuffed Toy Manufacturing,,1,,,,,,,,,,,,,1,,,,,,1
NAICS_CODE_DESCRIP,Hand and Edge Tool Manufacturing,,1,,,,,,,,,,1,,,,,,,,,1
NAICS_CODE_DESCRIP,All Other Metal Ore Mining,1,,,,,,,,,,,,,,,1,,,,,1
NAICS_CODE_DESCRIP,General Medical and Surgical Hospitals,1,,,,,,,,,,,,,1,,,,,,,1
NAICS_CODE_DESCRIP,Lessors of Other Real Estate Property,1,,,,,,,,,,,1,,,,,,,,,1
NAICS_CODE_DESCRIP,All Other Miscellaneous Electrical Equipment and Component Manufacturing,,,,,,,,,,1,,,,1,,,,,,,1
NAICS_CODE_DESCRIP,Truss Manufacturing,,,,,,,,,,1,,,1,,,,,,,,1
NAICS_CODE_DESCRIP,"Agents and Managers for Artists, Athletes, Entertainers, and Other Public Figures",,,,1,,,,,,,,,,1,,,,,,,1
NAICS_CODE_DESCRIP,All Other Miscellaneous Ambulatory Health Care Services,,,,1,,,,,,,,,,,,,,,1,,1
NAICS_CODE_DESCRIP,All Other Nonmetallic Mineral Mining,,,,,,1,,,,,,,,,,,1,,,,1
NAICS_CODE_DESCRIP,All Other Travel Arrangement and Reservation Services,,,,1,,,,,,,,,,1,,,,,,,1
NAICS_CODE_DESCRIP,Coastal and Great Lakes Freight Transportation,,,,1,,,,,,,,,,,,,,,1,,1
NAICS_CODE_DESCRIP,Electron Tube Manufacturing,,,,,1,,,,,,,,,,,,,1,,,1
NAICS_CODE_DESCRIP,General Line Grocery Merchant Wholesalers,,,,1,,,,,,,,1,,,,,,,,,1
NAICS_CODE_DESCRIP,Offices of Real Estate Agents and Brokers,,,,1,,,,,,,,,1,,,,,,,,1
NAICS_CODE_DESCRIP,Open-End Investment Funds,,,1,,,,,,,,,,,,1,,,,,,1
NAICS_CODE_DESCRIP,Other Apparel Accessories and Other Apparel Manufacturing,,,,,,,1,,,,,,,,1,,,,,,1
NAICS_CODE_DESCRIP,"Other Direct Insurance (except Life, Health, and Medical) Carriers",,,,,1,,,,,,,1,,,,,,,,,1
NAICS_CODE_DESCRIP,Outerwear Knitting Mills,,,1,,,,,,,,,,,,,,1,,,,1
NAICS_CODE_DESCRIP,"Photography Studios, Portrait",,,,,,,1,,,,,,,1,,,,,,,1
NAICS_CODE_DESCRIP,Ambulance Services,,,,,,,,1,,,,,,,,,,,,,1
NAICS_CODE_DESCRIP,"Brick, Stone, and Related Construction Material Merchant Wholesalers",,,,,,,,1,,,,,,,,,,,,,1
NAICS_CODE_DESCRIP,Freight Transportation Arrangement,,,,,,,,1,,,,,,,,,,,,,1
NAICS_CODE_DESCRIP,Light Truck and Utility Vehicle Manufacturing,,,,,,,,1,,,,,,,,,,,,,1
NAICS_CODE_DESCRIP,Manufactured (Mobile) Home Dealers,,,,,,,,1,,,,,,,,,,,,,1
NAICS_CODE_DESCRIP,Other Direct Selling Establishments,,,,,,,,1,,,,,,,,,,,,,1
NAICS_CODE_DESCRIP,Other Major Household Appliance Manufacturing,,,,,,,,1,,,,,,,,,,,,,1
NAICS_CODE_DESCRIP,Pulp Mills,,,,,,,,1,,,,,,,,,,,,,1
NAICS_CODE_DESCRIP,Support Activities for Coal Mining,,,,,,,,1,,,,,,,,,,,,,1
NAICS_CODE_DESCRIP,Tire Manufacturing (except Retreading),,,,,,,,1,,,,,,,,,,,,,1
NAICS_CODE_DESCRIP,All Other Miscellaneous Schools and Instruction,,,,,,,,,1,,,,,,,,,,,,1
NAICS_CODE_DESCRIP,Automotive Glass Replacement Shops,,,,,,,,,1,,,,,,,,,,,,1
NAICS_CODE_DESCRIP,Broilers and Other Meat Type Chicken Production,,,,,,,,,1,,,,,,,,,,,,1
NAICS_CODE_DESCRIP,Bus and Other Motor Vehicle Transit Systems,,,,,,,,,1,,,,,,,,,,,,1
NAICS_CODE_DESCRIP,Cellulosic Organic Fiber Manufacturing,,,,,,,,,1,,,,,,,,,,,,1
NAICS_CODE_DESCRIP,Couriers,,,,,,,,,1,,,,,,,,,,,,1
NAICS_CODE_DESCRIP,Direct Title Insurance Carriers,,,,,,,,,1,,,,,,,,,,,,1
NAICS_CODE_DESCRIP,Exam Preparation and Tutoring,,,,,,,,,1,,,,,,,,,,,,1
NAICS_CODE_DESCRIP,HMO Medical Centers,,,,,,,,,1,,,,,,,,,,,,1
NAICS_CODE_DESCRIP,Industrial Building Construction,,,,,,,,,1,,,,,,,,,,,,1
NAICS_CODE_DESCRIP,Insurance Agencies and Brokerages,,,,,,,,,1,,,,,,,,,,,,1
NAICS_CODE_DESCRIP,Media Representatives,,,,,,,,,1,,,,,,,,,,,,1
NAICS_CODE_DESCRIP,Musical Groups and Artists,,,,,,,,,1,,,,,,,,,,,,1
NAICS_CODE_DESCRIP,Nursery and Tree Production,,,,,,,,,1,,,,,,,,,,,,1
NAICS_CODE_DESCRIP,Other Computer Related Services,,,,,,,,,1,,,,,,,,,,,,1
NAICS_CODE_DESCRIP,Perishable Prepared Food Manufacturing,,,,,,,,,1,,,,,,,,,,,,1
NAICS_CODE_DESCRIP,Small Arms Ammunition Manufacturing,,,,,,,,,1,,,,,,,,,,,,1
NAICS_CODE_DESCRIP,Soap and Other Detergent Manufacturing,,,,,,,,,1,,,,,,,,,,,,1
NAICS_CODE_DESCRIP,Space Research and Technology,,,,,,,,,1,,,,,,,,,,,,1
NAICS_CODE_DESCRIP,Switchgear and Switchboard Apparatus Manufacturing,,,,,,,,,1,,,,,,,,,,,,1
NAICS_CODE_DESCRIP,"Vitreous China, Fine Earthenware, and Other Pottery Product Manufacturing",,,,,,,,,1,,,,,,,,,,,,1
NAICS_CODE_DESCRIP,Women's Footwear (except Athletic) Manufacturing,,,,,,,,,1,,,,,,,,,,,,1
NAICS_CODE_DESCRIP,Aircraft Engine and Engine Parts Manufacturing,,1,,,,,,,,,,,,,,,,,,,1
NAICS_CODE_DESCRIP,All Other Support Services,,1,,,,,,,,,,,,,,,,,,,1
NAICS_CODE_DESCRIP,Broadwoven Fabric Finishing Mills,,1,,,,,,,,,,,,,,,,,,,1
NAICS_CODE_DESCRIP,Carbon and Graphite Product Manufacturing,,1,,,,,,,,,,,,,,,,,,,1
NAICS_CODE_DESCRIP,Carpet and Upholstery Cleaning Services,,1,,,,,,,,,,,,,,,,,,,1
NAICS_CODE_DESCRIP,Ceramic Wall and Floor Tile Manufacturing,,1,,,,,,,,,,,,,,,,,,,1
NAICS_CODE_DESCRIP,Coated and Laminated Paper Manufacturing,,1,,,,,,,,,,,,,,,,,,,1
NAICS_CODE_DESCRIP,Copper Ore and Nickel Ore Mining,,1,,,,,,,,,,,,,,,,,,,1
NAICS_CODE_DESCRIP,Document Preparation Services,,1,,,,,,,,,,,,,,,,,,,1
NAICS_CODE_DESCRIP,Educational Support Services,,1,,,,,,,,,,,,,,,,,,,1
NAICS_CODE_DESCRIP,Electronic Capacitor Manufacturing,,1,,,,,,,,,,,,,,,,,,,1
NAICS_CODE_DESCRIP,Floriculture Production,,1,,,,,,,,,,,,,,,,,,,1
NAICS_CODE_DESCRIP,Gypsum Product Manufacturing,,1,,,,,,,,,,,,,,,,,,,1
NAICS_CODE_DESCRIP,"Independent Artists, Writers, and Performers",,1,,,,,,,,,,,,,,,,,,,1
NAICS_CODE_DESCRIP,Integrated Record Production/Distribution,,1,,,,,,,,,,,,,,,,,,,1
NAICS_CODE_DESCRIP,Marine Cargo Handling,,1,,,,,,,,,,,,,,,,,,,1
NAICS_CODE_DESCRIP,Men's and Boys' Cut and Sew Apparel Contractors,,1,,,,,,,,,,,,,,,,,,,1
NAICS_CODE_DESCRIP,Musical Instrument Manufacturing,,1,,,,,,,,,,,,,,,,,,,1
NAICS_CODE_DESCRIP,Narrow Fabric Mills,,1,,,,,,,,,,,,,,,,,,,1
NAICS_CODE_DESCRIP,Other Airport Operations,,1,,,,,,,,,,,,,,,,,,,1
NAICS_CODE_DESCRIP,Other Food Crops Grown Under Cover,,1,,,,,,,,,,,,,,,,,,,1
NAICS_CODE_DESCRIP,Other Metalworking Machinery Manufacturing,,1,,,,,,,,,,,,,,,,,,,1
NAICS_CODE_DESCRIP,Other Noncitrus Fruit Farming,,1,,,,,,,,,,,,,,,,,,,1
NAICS_CODE_DESCRIP,Plastics Bag Manufacturing,,1,,,,,,,,,,,,,,,,,,,1
NAICS_CODE_DESCRIP,"Promoters of Performing Arts, Sports, and Similar Events with Facilities",,1,,,,,,,,,,,,,,,,,,,1
NAICS_CODE_DESCRIP,Railroad Rolling Stock Manufacturing,,1,,,,,,,,,,,,,,,,,,,1
NAICS_CODE_DESCRIP,Record Production,,1,,,,,,,,,,,,,,,,,,,1
NAICS_CODE_DESCRIP,Refrigerated Warehousing and Storage,,1,,,,,,,,,,,,,,,,,,,1
NAICS_CODE_DESCRIP,Residential Property Managers,,1,,,,,,,,,,,,,,,,,,,1
NAICS_CODE_DESCRIP,Rubber and Plastics Footwear Manufacturing,,1,,,,,,,,,,,,,,,,,,,1
NAICS_CODE_DESCRIP,Solid Waste Collection,,1,,,,,,,,,,,,,,,,,,,1
NAICS_CODE_DESCRIP,Sound Recording Studios,,1,,,,,,,,,,,,,,,,,,,1
NAICS_CODE_DESCRIP,Sugarcane Mills,,1,,,,,,,,,,,,,,,,,,,1
NAICS_CODE_DESCRIP,Support Activities for Rail Transportation,,1,,,,,,,,,,,,,,,,,,,1
NAICS_CODE_DESCRIP,"Women's and Girls' Cut and Sew Lingerie, Loungewear, and Nightwear Manufacturing",,1,,,,,,,,,,,,,,,,,,,1
NAICS_CODE_DESCRIP,Adhesive Manufacturing,1,,,,,,,,,,,,,,,,,,,,1
NAICS_CODE_DESCRIP,All Other Cut and Sew Apparel Manufacturing,1,,,,,,,,,,,,,,,,,,,,1
NAICS_CODE_DESCRIP,All Other Personal Services,1,,,,,,,,,,,,,,,,,,,,1
NAICS_CODE_DESCRIP,Farm Machinery and Equipment Manufacturing,1,,,,,,,,,,,,,,,,,,,,1
NAICS_CODE_DESCRIP,Funeral Homes and Funeral Services,1,,,,,,,,,,,,,,,,,,,,1
NAICS_CODE_DESCRIP,Golf Courses and Country Clubs,1,,,,,,,,,,,,,,,,,,,,1
NAICS_CODE_DESCRIP,Homes for the Elderly,1,,,,,,,,,,,,,,,,,,,,1
NAICS_CODE_DESCRIP,Jewelry (except Costume) Manufacturing,1,,,,,,,,,,,,,,,,,,,,1
NAICS_CODE_DESCRIP,Optical Goods Stores,1,,,,,,,,,,,,,,,,,,,,1
NAICS_CODE_DESCRIP,Other Personal and Household Goods Repair and Maintenance,1,,,,,,,,,,,,,,,,,,,,1
NAICS_CODE_DESCRIP,"Overhead Traveling Crane, Hoist, and Monorail System Manufacturing",1,,,,,,,,,,,,,,,,,,,,1
NAICS_CODE_DESCRIP,Polystyrene Foam Product Manufacturing,1,,,,,,,,,,,,,,,,,,,,1
NAICS_CODE_DESCRIP,"Process, Physical Distribution, and Logistics Consulting Services",1,,,,,,,,,,,,,,,,,,,,1
NAICS_CODE_DESCRIP,"Specialized Freight (except Used Goods) Trucking, Local",1,,,,,,,,,,,,,,,,,,,,1
NAICS_CODE_DESCRIP,"Stationery, Tablet, and Related Product Manufacturing",1,,,,,,,,,,,,,,,,,,,,1
NAICS_CODE_DESCRIP,Steel Foundries (except Investment),1,,,,,,,,,,,,,,,,,,,,1
NAICS_CODE_DESCRIP,Synthetic Rubber Manufacturing,1,,,,,,,,,,,,,,,,,,,,1
NAICS_CODE_DESCRIP,Textile and Fabric Finishing (except Broadwoven Fabric) Mills,1,,,,,,,,,,,,,,,,,,,,1
NAICS_CODE_DESCRIP,Amusement and Theme Parks,,,,,,,,,,1,,,,,,,,,,,1
NAICS_CODE_DESCRIP,Asphalt Paving Mixture and Block Manufacturing,,,,,,,,,,1,,,,,,,,,,,1
NAICS_CODE_DESCRIP,Automobile Manufacturing,,,,,,,,,,1,,,,,,,,,,,1
NAICS_CODE_DESCRIP,"Commercial Air, Rail, and Water Transportation Equipment Rental and Leasing",,,,,,,,,,1,,,,,,,,,,,1
NAICS_CODE_DESCRIP,Convenience Stores,,,,,,,,,,1,,,,,,,,,,,1
NAICS_CODE_DESCRIP,Direct Mail Advertising,,,,,,,,,,1,,,,,,,,,,,1
NAICS_CODE_DESCRIP,Electric Housewares and Household Fan Manufacturing,,,,,,,,,,1,,,,,,,,,,,1
NAICS_CODE_DESCRIP,Finfish Farming and Fish Hatcheries,,,,,,,,,,1,,,,,,,,,,,1
NAICS_CODE_DESCRIP,Inorganic Dye and Pigment Manufacturing,,,,,,,,,,1,,,,,,,,,,,1
NAICS_CODE_DESCRIP,"Laminated Plastics Plate, Sheet (except Packaging), and Shape Manufacturing",,,,,,,,,,1,,,,,,,,,,,1
NAICS_CODE_DESCRIP,Lawn and Garden Tractor and Home Lawn and Garden Equipment Manufacturing,,,,,,,,,,1,,,,,,,,,,,1
NAICS_CODE_DESCRIP,Local Messengers and Local Delivery,,,,,,,,,,1,,,,,,,,,,,1
NAICS_CODE_DESCRIP,"Men's and Boys' Cut and Sew Suit, Coat, and Overcoat Manufacturing",,,,,,,,,,1,,,,,,,,,,,1
NAICS_CODE_DESCRIP,Miscellaneous Financial Investment Activities,,,,,,,,,,1,,,,,,,,,,,1
NAICS_CODE_DESCRIP,Motor Vehicle Seating and Interior Trim Manufacturing,,,,,,,,,,1,,,,,,,,,,,1
NAICS_CODE_DESCRIP,Nonresidential Property Managers,,,,,,,,,,1,,,,,,,,,,,1
NAICS_CODE_DESCRIP,Other Footwear Manufacturing,,,,,,,,,,1,,,,,,,,,,,1
NAICS_CODE_DESCRIP,Plastics Packaging Film and Sheet (including Laminated) Manufacturing,,,,,,,,,,1,,,,,,,,,,,1
NAICS_CODE_DESCRIP,Plastics and Rubber Industry Machinery Manufacturing,,,,,,,,,,1,,,,,,,,,,,1
NAICS_CODE_DESCRIP,Recreational Vehicle Dealers,,,,,,,,,,1,,,,,,,,,,,1
NAICS_CODE_DESCRIP,Silver Ore Mining,,,,,,,,,,1,,,,,,,,,,,1
NAICS_CODE_DESCRIP,Used Merchandise Stores,,,,,,,,,,1,,,,,,,,,,,1
NAICS_CODE_DESCRIP,All Other Automotive Repair and Maintenance,,,1,,,,,,,,,,,,,,,,,,1
NAICS_CODE_DESCRIP,All Other Leather Good Manufacturing,,,1,,,,,,,,,,,,,,,,,,1
NAICS_CODE_DESCRIP,All Other Miscellaneous Food Manufacturing,,,,1,,,,,,,,,,,,,,,,,1
NAICS_CODE_DESCRIP,Ammunition (except Small Arms) Manufacturing,,,,,,,,,,,1,,,,,,,,,,1
NAICS_CODE_DESCRIP,"Carburetor, Piston, Piston Ring, and Valve Manufacturing",,,,,,1,,,,,,,,,,,,,,,1
NAICS_CODE_DESCRIP,Carpet and Rug Mills,,,,,,1,,,,,,,,,,,,,,,1
NAICS_CODE_DESCRIP,Cheese Manufacturing,,,1,,,,,,,,,,,,,,,,,,1
NAICS_CODE_DESCRIP,Chocolate and Confectionery Manufacturing from Cacao Beans,,,1,,,,,,,,,,,,,,,,,,1
NAICS_CODE_DESCRIP,Coffee and Tea Manufacturing,,,1,,,,,,,,,,,,,,,,,,1
NAICS_CODE_DESCRIP,"Commercial, Industrial, and Institutional Electric Lighting Fixture Manufacturing",,,,1,,,,,,,,,,,,,,,,,1
NAICS_CODE_DESCRIP,Communication Equipment Repair and Maintenance,,,1,,,,,,,,,,,,,,,,,,1
NAICS_CODE_DESCRIP,Community Food Services,,,,,,,1,,,,,,,,,,,,,,1
NAICS_CODE_DESCRIP,Computer Terminal Manufacturing,,,,,,,1,,,,,,,,,,,,,,1
NAICS_CODE_DESCRIP,Convention and Trade Show Organizers,,,,1,,,,,,,,,,,,,,,,,1
NAICS_CODE_DESCRIP,"Copper Rolling, Drawing, and Extruding",,,,,,,,,,,1,,,,,,,,,,1
NAICS_CODE_DESCRIP,Credit Card Issuing,,,,,1,,,,,,,,,,,,,,,,1
NAICS_CODE_DESCRIP,"Cut Stock, Resawing Lumber, and Planing",,,,,1,,,,,,,,,,,,,,,,1
NAICS_CODE_DESCRIP,Dimension Stone Mining and Quarrying,,,,,,,,,,,1,,,,,,,,,,1
NAICS_CODE_DESCRIP,Dry Pasta Manufacturing,,,,,1,,,,,,,,,,,,,,,,1
NAICS_CODE_DESCRIP,Electric Lamp Bulb and Part Manufacturing,,,1,,,,,,,,,,,,,,,,,,1
NAICS_CODE_DESCRIP,Electrometallurgical Ferroalloy Product Manufacturing,,,1,,,,,,,,,,,,,,,,,,1
NAICS_CODE_DESCRIP,Electronic Auctions,,,,,,,,,,,1,,,,,,,,,,1
NAICS_CODE_DESCRIP,"Electronic Coil, Transformer, and Other Inductor Manufacturing",,,,,1,,,,,,,,,,,,,,,,1
NAICS_CODE_DESCRIP,"Frozen Fruit, Juice, and Vegetable Manufacturing",,,,,1,,,,,,,,,,,,,,,,1
NAICS_CODE_DESCRIP,Frozen Specialty Food Manufacturing,,,,,,1,,,,,,,,,,,,,,,1
NAICS_CODE_DESCRIP,Furniture Merchant Wholesalers,,,,,,,1,,,,,,,,,,,,,,1
NAICS_CODE_DESCRIP,"Gift, Novelty, and Souvenir Stores",,,,1,,,,,,,,,,,,,,,,,1
NAICS_CODE_DESCRIP,Glass Container Manufacturing,,,1,,,,,,,,,,,,,,,,,,1
NAICS_CODE_DESCRIP,Glass Product Manufacturing Made of Purchased Glass,,,1,,,,,,,,,,,,,,,,,,1
NAICS_CODE_DESCRIP,Heating Equipment (except Warm Air Furnaces) Manufacturing,,,1,,,,,,,,,,,,,,,,,,1
NAICS_CODE_DESCRIP,Industrial Process Furnace and Oven Manufacturing,,,1,,,,,,,,,,,,,,,,,,1
NAICS_CODE_DESCRIP,Industrial Supplies Merchant Wholesalers,,,,1,,,,,,,,,,,,,,,,,1
NAICS_CODE_DESCRIP,Inland Water Freight Transportation,,,,1,,,,,,,,,,,,,,,,,1
NAICS_CODE_DESCRIP,Institutional Furniture Manufacturing,,,,,,1,,,,,,,,,,,,,,,1
NAICS_CODE_DESCRIP,Investment Advice,,,,1,,,,,,,,,,,,,,,,,1
NAICS_CODE_DESCRIP,"Jewelry, Watch, Precious Stone, and Precious Metal Merchant Wholesalers",,,,,,1,,,,,,,,,,,,,,,1
NAICS_CODE_DESCRIP,Logging,,,1,,,,,,,,,,,,,,,,,,1
NAICS_CODE_DESCRIP,Machine Tool (Metal Forming Types) Manufacturing,,,,,1,,,,,,,,,,,,,,,,1
NAICS_CODE_DESCRIP,Materials Recovery Facilities,,,,,1,,,,,,,,,,,,,,,,1
NAICS_CODE_DESCRIP,Measuring and Dispensing Pump Manufacturing,,,1,,,,,,,,,,,,,,,,,,1
NAICS_CODE_DESCRIP,Mechanical Power Transmission Equipment Manufacturing,,,,,,,1,,,,,,,,,,,,,,1
NAICS_CODE_DESCRIP,Medical Laboratories,,,,1,,,,,,,,,,,,,,,,,1
NAICS_CODE_DESCRIP,Men's Footwear (except Athletic) Manufacturing,,,1,,,,,,,,,,,,,,,,,,1
NAICS_CODE_DESCRIP,Metal Stamping,,,1,,,,,,,,,,,,,,,,,,1
NAICS_CODE_DESCRIP,Metal Tank (Heavy Gauge) Manufacturing,,,,1,,,,,,,,,,,,,,,,,1
NAICS_CODE_DESCRIP,Mining Machinery and Equipment Manufacturing,,,1,,,,,,,,,,,,,,,,,,1
NAICS_CODE_DESCRIP,Miscellaneous Intermediation,,,,1,,,,,,,,,,,,,,,,,1
NAICS_CODE_DESCRIP,New Housing Operative Builders,,,,,,,,,,,1,,,,,,,,,,1
NAICS_CODE_DESCRIP,Nonscheduled Chartered Freight Air Transportation,,,,,1,,,,,,,,,,,,,,,,1
NAICS_CODE_DESCRIP,One-Hour Photofinishing,,,1,,,,,,,,,,,,,,,,,,1
NAICS_CODE_DESCRIP,Other Activities Related to Credit Intermediation,,,,,,1,,,,,,,,,,,,,,,1
NAICS_CODE_DESCRIP,Other Aircraft Parts and Auxiliary Equipment Manufacturing,,,,,1,,,,,,,,,,,,,,,,1
NAICS_CODE_DESCRIP,Other Business Service Centers (including Copy Shops),,,,,,,,,,,1,,,,,,,,,,1
NAICS_CODE_DESCRIP,Other Lighting Equipment Manufacturing,,,1,,,,,,,,,,,,,,,,,,1
NAICS_CODE_DESCRIP,Other Metal Container Manufacturing,,,,,,1,,,,,,,,,,,,,,,1
NAICS_CODE_DESCRIP,Other Ordnance and Accessories Manufacturing,,,1,,,,,,,,,,,,,,,,,,1
NAICS_CODE_DESCRIP,Other Pressed and Blown Glass and Glassware Manufacturing,,,1,,,,,,,,,,,,,,,,,,1
NAICS_CODE_DESCRIP,Other Snack Food Manufacturing,,,,,,1,,,,,,,,,,,,,,,1
NAICS_CODE_DESCRIP,Outpatient Mental Health and Substance Abuse Centers,,,1,,,,,,,,,,,,,,,,,,1
NAICS_CODE_DESCRIP,Pesticide and Other Agricultural Chemical Manufacturing,,,,,,1,,,,,,,,,,,,,,,1
NAICS_CODE_DESCRIP,Petrochemical Manufacturing,,,,1,,,,,,,,,,,,,,,,,1
NAICS_CODE_DESCRIP,Portfolio Management,,,,1,,,,,,,,,,,,,,,,,1
NAICS_CODE_DESCRIP,"Prerecorded Compact Disc (except Software), Tape, and Record Reproducing",,,1,,,,,,,,,,,,,,,,,,1
NAICS_CODE_DESCRIP,Ready-Mix Concrete Manufacturing,,,,,,,,,,,1,,,,,,,,,,1
NAICS_CODE_DESCRIP,Reinsurance Carriers,,,,1,,,,,,,,,,,,,,,,,1
NAICS_CODE_DESCRIP,Relay and Industrial Control Manufacturing,,,,1,,,,,,,,,,,,,,,,,1
NAICS_CODE_DESCRIP,Residential Electric Lighting Fixture Manufacturing,,,,,,,,,,,1,,,,,,,,,,1
NAICS_CODE_DESCRIP,School and Employee Bus Transportation,,,1,,,,,,,,,,,,,,,,,,1
NAICS_CODE_DESCRIP,Shellfish Farming,,,,,,1,,,,,,,,,,,,,,,1
NAICS_CODE_DESCRIP,"Showcase, Partition, Shelving, and Locker Manufacturing",,,1,,,,,,,,,,,,,,,,,,1
NAICS_CODE_DESCRIP,Sign Manufacturing,,,,,,,1,,,,,,,,,,,,,,1
NAICS_CODE_DESCRIP,Solid Waste Landfill,,,,,,,,,,,1,,,,,,,,,,1
NAICS_CODE_DESCRIP,Sports and Recreation Instruction,,,1,,,,,,,,,,,,,,,,,,1
NAICS_CODE_DESCRIP,Steel Wire Drawing,,,,,1,,,,,,,,,,,,,,,,1
NAICS_CODE_DESCRIP,Support Activities for Animal Production,,,,,,,,,,,1,,,,,,,,,,1
NAICS_CODE_DESCRIP,Support Activities for Forestry,,,,,,,1,,,,,,,,,,,,,,1
NAICS_CODE_DESCRIP,Testing Laboratories,,,1,,,,,,,,,,,,,,,,,,1
NAICS_CODE_DESCRIP,"Truck, Utility Trailer, and RV (Recreational Vehicle) Rental and Leasing",,,,1,,,,,,,,,,,,,,,,,1
NAICS_CODE_DESCRIP,Women's and Girls' Cut and Sew Blouse and Shirt Manufacturing,,,,,,1,,,,,,,,,,,,,,,1
NAICS_CODE_DESCRIP,Women's and Girls' Cut and Sew Other Outerwear Manufacturing,,,1,,,,,,,,,,,,,,,,,,1
NAICS_CODE_DESCRIP,Wood Container and Pallet Manufacturing,,,,1,,,,,,,,,,,,,,,,,1
NAICS_CODE_DESCRIP,Wood Office Furniture Manufacturing,,,,,,1,,,,,,,,,,,,,,,1
NAICS_CODE_DESCRIP,Nonscheduled Chartered Passenger Air Transportation,,,,,,,,,,,,,1,1,,,,,,2,0
NAICS_CODE_DESCRIP,Toy and Hobby Goods and Supplies Merchant Wholesalers,,,,,,,,,,,,,1,1,,,,1,,,0
NAICS_CODE_DESCRIP,Anthracite Mining,,,,,,,,,,,,,,,,,,,1,1,0
NAICS_CODE_DESCRIP,Cigarette Manufacturing,,,,,,,,,,,,,,,,,1,1,,,0
NAICS_CODE_DESCRIP,Coal and Other Mineral and Ore Merchant Wholesalers,,,,,,,,,,,,,,,1,1,,,,,0
NAICS_CODE_DESCRIP,Oil and Gas Field Machinery and Equipment Manufacturing,,,,,,,,,,,,,,,,,,1,,1,0
NAICS_CODE_DESCRIP,Other Clothing Stores,,,,,,,,,,,,1,,,,,1,,,,0
NAICS_CODE_DESCRIP,Small Arms Manufacturing,,,,,,,,,,,,,,,,2,,,,,0
NAICS_CODE_DESCRIP,Specialty (except Psychiatric and Substance Abuse) Hospitals,,,,,,,,,,,,,1,1,,,,,,,0
NAICS_CODE_DESCRIP,Administration of Education Programs,,,,,,,,,,,,,,,,,1,,,,0
NAICS_CODE_DESCRIP,All Other Business Support Services,,,,,,,,,,,,,,,,,,,,1,0
NAICS_CODE_DESCRIP,All Other Converted Paper Product Manufacturing,,,,,,,,,,,,,,,,,,1,,,0
NAICS_CODE_DESCRIP,All Other Health and Personal Care Stores,,,,,,,,,,,,1,,,,,,,,,0
NAICS_CODE_DESCRIP,All Other Petroleum and Coal Products Manufacturing,,,,,,,,,,,,,,,1,,,,,,0
NAICS_CODE_DESCRIP,All Other Pipeline Transportation,,,,,,,,,,,,1,,,,,,,,,0
NAICS_CODE_DESCRIP,Automatic Vending Machine Manufacturing,,,,,,,,,,,,,,,,1,,,,,0
NAICS_CODE_DESCRIP,Book Stores,,,,,,,,,,,,1,,,,,,,,,0
NAICS_CODE_DESCRIP,Caterers,,,,,,,,,,,,,,,,1,,,,,0
NAICS_CODE_DESCRIP,Cemeteries and Crematories,,,,,,,,,,,,,,,,,,1,,,0
NAICS_CODE_DESCRIP,Children's and Infants' Clothing Stores,,,,,,,,,,,,,,,,,1,,,,0
NAICS_CODE_DESCRIP,"Colleges, Universities, and Professional Schools",,,,,,,,,,,,,,,,1,,,,,0
NAICS_CODE_DESCRIP,Computer Facilities Management Services,,,,,,,,,,,,,,,,1,,,,,0
NAICS_CODE_DESCRIP,"Cosmetics, Beauty Supplies, and Perfume Stores",,,,,,,,,,,,,,,,,,1,,,0
NAICS_CODE_DESCRIP,Curtain and Drapery Mills,,,,,,,,,,,,1,,,,,,,,,0
NAICS_CODE_DESCRIP,Custom Compounding of Purchased Resins,,,,,,,,,,,,,,,,1,,,,,0
NAICS_CODE_DESCRIP,"Electrical Apparatus and Equipment, Wiring Supplies, and Related Equipment Merchant  Wholesalers",,,,,,,,,,,,,,,,,,1,,,0
NAICS_CODE_DESCRIP,"Electroplating, Plating, Polishing, Anodizing, and Coloring",,,,,,,,,,,,,,,,1,,,,,0
NAICS_CODE_DESCRIP,Envelope Manufacturing,,,,,,,,,,,,,,,,,,,1,,0
NAICS_CODE_DESCRIP,Fats and Oils Refining and Blending,,,,,,,,,,,,,,,,,,1,,,0
NAICS_CODE_DESCRIP,Geophysical Surveying and Mapping Services,,,,,,,,,,,,,,,1,,,,,,0
NAICS_CODE_DESCRIP,Heavy Duty Truck Manufacturing,,,,,,,,,,,,,,1,,,,,,,0
NAICS_CODE_DESCRIP,Household Furniture (except Wood and Metal) Manufacturing,,,,,,,,,,,,,,1,,,,,,,0
NAICS_CODE_DESCRIP,Ice Cream and Frozen Dessert Manufacturing,,,,,,,,,,,,,,,,,,,,1,0
NAICS_CODE_DESCRIP,Ice Manufacturing,,,,,,,,,,,,,1,,,,,,,,0
NAICS_CODE_DESCRIP,"Kitchen Utensil, Pot, and Pan Manufacturing",,,,,,,,,,,,,,,,1,,,,,0
NAICS_CODE_DESCRIP,Manifold Business Forms Printing,,,,,,,,,,,,,,,,1,,,,,0
NAICS_CODE_DESCRIP,Men's and Boys' Cut and Sew Other Outerwear Manufacturing,,,,,,,,,,,,,,,,1,,,,,0
NAICS_CODE_DESCRIP,Museums,,,,,,,,,,,,,,,,,1,,,,0
NAICS_CODE_DESCRIP,Music Publishers,,,,,,,,,,,,1,,,,,,,,,0
NAICS_CODE_DESCRIP,Natural Gas Liquid Extraction,,,,,,,,,,,,,,,,,1,,,,0
NAICS_CODE_DESCRIP,Nonchocolate Confectionery Manufacturing,,,,,,,,,,,,1,,,,,,,,,0
NAICS_CODE_DESCRIP,"Nonferrous Metal (except Copper and Aluminum) Rolling, Drawing, and Extruding",,,,,,,,,,,,,,,,,1,,,,0
NAICS_CODE_DESCRIP,Other Electronic Parts and Equipment Merchant Wholesalers,,,,,,,,,,,,1,,,,,,,,,0
NAICS_CODE_DESCRIP,Other Personal Care Services,,,,,,,,,,,,,,,,,1,,,,0
NAICS_CODE_DESCRIP,Other Services Related to Advertising,,,,,,,,,,,,,,,,1,,,,,0
NAICS_CODE_DESCRIP,Paint and Coating Manufacturing,,,,,,,,,,,,,,,,,,1,,,0
NAICS_CODE_DESCRIP,"Photographic Film, Paper, Plate, and Chemical Manufacturing",,,,,,,,,,,,,1,,,,,,,,0
NAICS_CODE_DESCRIP,Primary Smelting and Refining of Nonferrous Metal (except Copper and Aluminum),,,,,,,,,,,,,,,,,,1,,,0
NAICS_CODE_DESCRIP,Printed Circuit Assembly (Electronic Assembly) Manufacturing,,,,,,,,,,,,,1,,,,,,,,0
NAICS_CODE_DESCRIP,Printing and Writing Paper Merchant Wholesalers,,,,,,,,,,,,,,1,,,,,,,0
NAICS_CODE_DESCRIP,"Promoters of Performing Arts, Sports, and Similar Events without Facilities",,,,,,,,,,,,,,,,,1,,,,0
NAICS_CODE_DESCRIP,Residential Remodelers,,,,,,,,,,,,,,1,,,,,,,0
NAICS_CODE_DESCRIP,Secondary Market Financing,,,,,,,,,,,,1,,,,,,,,,0
NAICS_CODE_DESCRIP,Security Guards and Patrol Services,,,,,,,,,,,,,1,,,,,,,,0
NAICS_CODE_DESCRIP,Snack and Nonalcoholic Beverage Bars,,,,,,,,,,,,,1,,,,,,,,0
NAICS_CODE_DESCRIP,Sporting and Recreational Goods and Supplies Merchant Wholesalers,,,,,,,,,,,,,,,,,,1,,,0
NAICS_CODE_DESCRIP,Stationery and Office Supplies Merchant Wholesalers,,,,,,,,,,,,1,,,,,,,,,0
NAICS_CODE_DESCRIP,Steam and Air-Conditioning Supply,,,,,,,,,,,,1,,,,,,,,,0
NAICS_CODE_DESCRIP,Tax Preparation Services,,,,,,,,,,,,1,,,,,,,,,0
NAICS_CODE_DESCRIP,Teleproduction and Other Postproduction Services,,,,,,,,,,,,,1,,,,,,,,0
NAICS_CODE_DESCRIP,Uranium-Radium-Vanadium Ore Mining,,,,,,,,,,,,,,,1,,,,,,0
NAICS_CODE_DESCRIP,Wine and Distilled Alcoholic Beverage Merchant Wholesalers,,,,,,,,,,,,,,1,,,,,,,0
